DATE,AWAY_TEAM,HOME_TEAM
Oct 18 2022,PHI,BOS
Oct 18 2022,LAL,GSW
Oct 19 2022,ORL,DET
Oct 19 2022,WAS,IND
Oct 19 2022,HOU,ATL
Oct 19 2022,NOP,BRK
Oct 19 2022,NYK,MEM
Oct 19 2022,CHI,MIA
Oct 19 2022,CLE,TOR
Oct 19 2022,OKC,MIN
Oct 19 2022,CHO,SAS
Oct 19 2022,DEN,UTA
Oct 19 2022,DAL,PHO
Oct 19 2022,POR,SAC
Oct 20 2022,MIL,PHI
Oct 20 2022,LAC,LAL
Oct 21 2022,NOP,CHO
Oct 21 2022,SAS,IND
Oct 21 2022,CHI,WAS
Oct 21 2022,ORL,ATL
Oct 21 2022,TOR,BRK
Oct 21 2022,BOS,MIA
Oct 21 2022,DET,NYK
Oct 21 2022,MEM,HOU
Oct 21 2022,UTA,MIN
Oct 21 2022,DEN,GSW
Oct 21 2022,PHO,POR
Oct 22 2022,SAS,PHI
Oct 22 2022,DET,IND
Oct 22 2022,BOS,ORL
Oct 22 2022,CLE,CHI
Oct 22 2022,TOR,MIA
Oct 22 2022,HOU,MIL
Oct 22 2022,MEM,DAL
Oct 22 2022,OKC,DEN
Oct 22 2022,LAC,SAC
Oct 23 2022,POR,LAL
Oct 23 2022,CHO,ATL
Oct 23 2022,WAS,CLE
Oct 23 2022,UTA,NOP
Oct 23 2022,MIN,OKC
Oct 23 2022,SAC,GSW
Oct 23 2022,PHO,LAC
Oct 24 2022,IND,PHI
Oct 24 2022,TOR,MIA
Oct 24 2022,ORL,NYK
Oct 24 2022,BOS,CHI
Oct 24 2022,UTA,HOU
Oct 24 2022,BRK,MEM
Oct 24 2022,SAS,MIN
Oct 24 2022,DEN,POR
Oct 25 2022,DET,WAS
Oct 25 2022,DAL,NOP
Oct 25 2022,LAC,OKC
Oct 25 2022,GSW,PHO
Oct 26 2022,ORL,CLE
Oct 26 2022,ATL,DET
Oct 26 2022,BRK,MIL
Oct 26 2022,CHO,NYK
Oct 26 2022,PHI,TOR
Oct 26 2022,IND,CHI
Oct 26 2022,SAS,MIN
Oct 26 2022,HOU,UTA
Oct 26 2022,LAL,DEN
Oct 26 2022,MIA,POR
Oct 27 2022,DAL,BRK
Oct 27 2022,LAC,OKC
Oct 27 2022,MIA,GSW
Oct 27 2022,MEM,SAC
Oct 28 2022,ATL,DET
Oct 28 2022,CHO,ORL
Oct 28 2022,CLE,BOS
Oct 28 2022,PHI,TOR
Oct 28 2022,IND,WAS
Oct 28 2022,NYK,MIL
Oct 28 2022,LAL,MIN
Oct 28 2022,CHI,SAS
Oct 28 2022,UTA,DEN
Oct 28 2022,NOP,PHO
Oct 28 2022,HOU,POR
Oct 29 2022,MIA,SAC
Oct 29 2022,GSW,CHO
Oct 29 2022,IND,BRK
Oct 29 2022,PHI,CHI
Oct 29 2022,ATL,MIL
Oct 29 2022,OKC,DAL
Oct 29 2022,MEM,UTA
Oct 30 2022,NOP,LAC
Oct 30 2022,WAS,BOS
Oct 30 2022,NYK,CLE
Oct 30 2022,GSW,DET
Oct 30 2022,MIN,SAS
Oct 30 2022,ORL,DAL
Oct 30 2022,HOU,PHO
Oct 30 2022,DEN,LAL
Oct 31 2022,SAC,CHO
Oct 31 2022,PHI,WAS
Oct 31 2022,IND,BRK
Oct 31 2022,ATL,TOR
Oct 31 2022,DET,MIL
Oct 31 2022,MEM,UTA
Oct 31 2022,HOU,LAC
Nov 1 2022,CHI,BRK
Nov 1 2022,GSW,MIA
Nov 1 2022,ORL,OKC
Nov 1 2022,MIN,PHO
Nov 2 2022,WAS,PHI
Nov 2 2022,BOS,CLE
Nov 2 2022,SAC,MIA
Nov 2 2022,ATL,NYK
Nov 2 2022,CHO,CHI
Nov 2 2022,LAC,HOU
Nov 2 2022,DET,MIL
Nov 2 2022,TOR,SAS
Nov 2 2022,UTA,DAL
Nov 2 2022,MEM,POR
Nov 2 2022,NOP,LAL
Nov 3 2022,GSW,ORL
Nov 3 2022,DEN,OKC
Nov 4 2022,CLE,DET
Nov 4 2022,MIA,IND
Nov 4 2022,NYK,PHI
Nov 4 2022,BRK,WAS
Nov 4 2022,CHI,BOS
Nov 4 2022,CHO,MEM
Nov 4 2022,LAC,SAS
Nov 4 2022,TOR,DAL
Nov 4 2022,GSW,NOP
Nov 4 2022,MIL,MIN
Nov 4 2022,POR,PHO
Nov 4 2022,UTA,LAL
Nov 5 2022,SAC,ORL
Nov 5 2022,BRK,CHO
Nov 5 2022,NOP,ATL
Nov 5 2022,BOS,NYK
Nov 5 2022,OKC,MIL
Nov 5 2022,HOU,MIN
Nov 5 2022,SAS,DEN
Nov 5 2022,POR,PHO
Nov 6 2022,CLE,LAL
Nov 6 2022,WAS,MEM
Nov 6 2022,CHI,TOR
Nov 6 2022,UTA,LAC
Nov 7 2022,WAS,CHO
Nov 7 2022,HOU,ORL
Nov 7 2022,OKC,DET
Nov 7 2022,NOP,IND
Nov 7 2022,PHO,PHI
Nov 7 2022,MIL,ATL
Nov 7 2022,POR,MIA
Nov 7 2022,TOR,CHI
Nov 7 2022,BOS,MEM
Nov 7 2022,NYK,MIN
Nov 7 2022,DEN,SAS
Nov 7 2022,BRK,DAL
Nov 7 2022,SAC,GSW
Nov 7 2022,LAL,UTA
Nov 7 2022,CLE,LAC
Nov 9 2022,DAL,ORL
Nov 9 2022,POR,CHO
Nov 9 2022,DEN,IND
Nov 9 2022,UTA,ATL
Nov 9 2022,DET,BOS
Nov 9 2022,NYK,BRK
Nov 9 2022,HOU,TOR
Nov 9 2022,NOP,CHI
Nov 9 2022,PHO,MIN
Nov 9 2022,MIL,OKC
Nov 9 2022,MEM,SAS
Nov 9 2022,LAL,LAC
Nov 9 2022,CLE,SAC
Nov 10 2022,DAL,WAS
Nov 10 2022,PHI,ATL
Nov 10 2022,CHO,MIA
Nov 10 2022,POR,NOP
Nov 11 2022,DEN,BOS
Nov 11 2022,PHO,ORL
Nov 11 2022,DET,NYK
Nov 11 2022,TOR,OKC
Nov 11 2022,MIL,SAS
Nov 11 2022,MIN,MEM
Nov 11 2022,CLE,GSW
Nov 11 2022,SAC,LAL
Nov 12 2022,BRK,LAC
Nov 12 2022,UTA,WAS
Nov 12 2022,BOS,DET
Nov 12 2022,TOR,IND
Nov 12 2022,ATL,PHI
Nov 12 2022,CHO,MIA
Nov 12 2022,POR,DAL
Nov 12 2022,HOU,NOP
Nov 13 2022,OKC,NYK
Nov 13 2022,MIN,CLE
Nov 13 2022,MEM,WAS
Nov 13 2022,UTA,PHI
Nov 13 2022,DEN,CHI
Nov 13 2022,GSW,SAC
Nov 13 2022,BRK,LAL
Nov 14 2022,TOR,DET
Nov 14 2022,CHO,ORL
Nov 14 2022,OKC,BOS
Nov 14 2022,PHO,MIA
Nov 14 2022,LAC,HOU
Nov 14 2022,ATL,MIL
Nov 14 2022,SAS,GSW
Nov 15 2022,MEM,NOP
Nov 15 2022,LAC,DAL
Nov 15 2022,NYK,UTA
Nov 15 2022,SAS,POR
Nov 15 2022,BRK,SAC
Nov 16 2022,IND,CHO
Nov 16 2022,MIN,ORL
Nov 16 2022,OKC,WAS
Nov 16 2022,BOS,ATL
Nov 16 2022,MIA,TOR
Nov 16 2022,CLE,MIL
Nov 16 2022,CHI,NOP
Nov 16 2022,HOU,DAL
Nov 16 2022,NYK,DEN
Nov 16 2022,GSW,PHO
Nov 17 2022,BRK,POR
Nov 17 2022,SAS,SAC
Nov 17 2022,DET,LAC
Nov 18 2022,MIA,WAS
Nov 18 2022,CHO,CLE
Nov 18 2022,MIL,PHI
Nov 18 2022,ORL,CHI
Nov 18 2022,IND,HOU
Nov 18 2022,OKC,MEM
Nov 18 2022,DEN,DAL
Nov 18 2022,BOS,NOP
Nov 18 2022,PHO,UTA
Nov 18 2022,NYK,GSW
Nov 18 2022,DET,LAL
Nov 19 2022,TOR,ATL
Nov 19 2022,ORL,IND
Nov 19 2022,MIN,PHI
Nov 19 2022,UTA,POR
Nov 19 2022,SAS,LAC
Nov 20 2022,NYK,PHO
Nov 20 2022,DET,SAC
Nov 20 2022,CHO,WAS
Nov 20 2022,MEM,BRK
Nov 20 2022,MIA,CLE
Nov 20 2022,GSW,HOU
Nov 20 2022,DEN,DAL
Nov 20 2022,SAS,LAL
Nov 21 2022,ATL,CLE
Nov 21 2022,ORL,IND
Nov 21 2022,BOS,CHI
Nov 21 2022,POR,MIL
Nov 21 2022,MIA,MIN
Nov 21 2022,GSW,NOP
Nov 21 2022,NYK,OKC
Nov 21 2022,UTA,LAC
Nov 22 2022,BRK,PHI
Nov 22 2022,SAC,MEM
Nov 22 2022,DET,DEN
Nov 22 2022,LAL,PHO
Nov 23 2022,PHI,CHO
Nov 23 2022,POR,CLE
Nov 23 2022,MIN,IND
Nov 23 2022,SAC,ATL
Nov 23 2022,DAL,BOS
Nov 23 2022,WAS,MIA
Nov 23 2022,BRK,TOR
Nov 23 2022,CHI,MIL
Nov 23 2022,DEN,OKC
Nov 23 2022,NOP,SAS
Nov 23 2022,DET,UTA
Nov 23 2022,LAC,GSW
Nov 25 2022,MIN,CHO
Nov 25 2022,PHI,ORL
Nov 25 2022,POR,NYK
Nov 25 2022,SAC,BOS
Nov 25 2022,ATL,HOU
Nov 25 2022,BRK,IND
Nov 25 2022,NOP,MEM
Nov 25 2022,WAS,MIA
Nov 25 2022,CLE,MIL
Nov 25 2022,CHI,OKC
Nov 25 2022,LAL,SAS
Nov 25 2022,DET,PHO
Nov 25 2022,UTA,GSW
Nov 25 2022,DEN,LAC
Nov 26 2022,DAL,TOR
Nov 26 2022,OKC,HOU
Nov 26 2022,LAL,SAS
Nov 26 2022,UTA,PHO
Nov 27 2022,POR,BRK
Nov 27 2022,GSW,MIN
Nov 27 2022,IND,LAC
Nov 27 2022,MIA,ATL
Nov 27 2022,WAS,BOS
Nov 27 2022,CLE,DET
Nov 27 2022,MEM,NYK
Nov 27 2022,PHI,ORL
Nov 27 2022,DAL,MIL
Nov 28 2022,ATL,PHI
Nov 28 2022,MIN,WAS
Nov 28 2022,CHO,BOS
Nov 28 2022,ORL,BRK
Nov 28 2022,CLE,TOR
Nov 28 2022,OKC,NOP
Nov 28 2022,HOU,DEN
Nov 28 2022,CHI,UTA
Nov 28 2022,PHO,SAC
Nov 28 2022,IND,LAL
Nov 29 2022,NYK,DET
Nov 29 2022,GSW,DAL
Nov 29 2022,LAC,POR
Nov 30 2022,PHI,CLE
Nov 30 2022,ATL,ORL
Nov 30 2022,MIA,BOS
Nov 30 2022,WAS,BRK
Nov 30 2022,MIL,NYK
Nov 30 2022,MEM,MIN
Nov 30 2022,TOR,NOP
Nov 30 2022,SAS,OKC
Nov 30 2022,HOU,DEN
Nov 30 2022,CHI,PHO
Nov 30 2022,LAC,UTA
Nov 30 2022,IND,SAC
Nov 30 2022,POR,LAL
Dec 1 2022,DAL,DET
Dec 2 2022,WAS,CHO
Dec 2 2022,DEN,ATL
Dec 2 2022,MIA,BOS
Dec 2 2022,TOR,BRK
Dec 2 2022,ORL,CLE
Dec 2 2022,LAL,MIL
Dec 2 2022,PHI,MEM
Dec 2 2022,NOP,SAS
Dec 2 2022,HOU,PHO
Dec 2 2022,IND,UTA
Dec 2 2022,CHI,GSW
Dec 3 2022,DAL,NYK
Dec 3 2022,SAC,LAC
Dec 3 2022,MIL,CHO
Dec 3 2022,OKC,MIN
Dec 3 2022,ORL,TOR
Dec 3 2022,HOU,GSW
Dec 3 2022,POR,UTA
Dec 4 2022,DEN,NOP
Dec 4 2022,PHO,SAS
Dec 4 2022,BOS,BRK
Dec 4 2022,MEM,DET
Dec 4 2022,CLE,NYK
Dec 4 2022,CHI,SAC
Dec 4 2022,LAL,WAS
Dec 4 2022,IND,POR
Dec 5 2022,LAC,CHO
Dec 5 2022,MIL,ORL
Dec 5 2022,OKC,ATL
Dec 5 2022,BOS,TOR
Dec 5 2022,PHI,HOU
Dec 5 2022,MIA,MEM
Dec 5 2022,PHO,DAL
Dec 5 2022,IND,GSW
Dec 6 2022,LAL,CLE
Dec 6 2022,DET,MIA
Dec 6 2022,DAL,DEN
Dec 7 2022,LAC,ORL
Dec 7 2022,CHO,BRK
Dec 7 2022,ATL,NYK
Dec 7 2022,LAL,TOR
Dec 7 2022,WAS,CHI
Dec 7 2022,OKC,MEM
Dec 7 2022,SAC,MIL
Dec 7 2022,IND,MIN
Dec 7 2022,DET,NOP
Dec 7 2022,GSW,UTA
Dec 7 2022,BOS,PHO
Dec 8 2022,LAC,MIA
Dec 8 2022,HOU,SAS
Dec 8 2022,DEN,POR
Dec 9 2022,NYK,CHO
Dec 9 2022,WAS,IND
Dec 9 2022,TOR,ORL
Dec 9 2022,ATL,BRK
Dec 9 2022,SAC,CLE
Dec 9 2022,LAL,PHI
Dec 9 2022,DET,MEM
Dec 9 2022,PHO,NOP
Dec 9 2022,MIN,UTA
Dec 9 2022,MIL,DAL
Dec 10 2022,SAS,MIA
Dec 10 2022,BRK,IND
Dec 10 2022,LAC,WAS
Dec 10 2022,OKC,CLE
Dec 10 2022,DAL,CHI
Dec 10 2022,BOS,GSW
Dec 10 2022,UTA,DEN
Dec 10 2022,MIN,POR
Dec 11 2022,PHO,NOP
Dec 11 2022,LAL,DET
Dec 11 2022,SAC,NYK
Dec 11 2022,TOR,ORL
Dec 11 2022,CHO,PHI
Dec 11 2022,CHI,ATL
Dec 11 2022,MIL,HOU
Dec 12 2022,MIA,IND
Dec 12 2022,BRK,WAS
Dec 12 2022,ATL,MEM
Dec 12 2022,OKC,DAL
Dec 12 2022,CLE,SAS
Dec 12 2022,MIN,POR
Dec 12 2022,BOS,LAC
Dec 13 2022,SAC,PHI
Dec 13 2022,GSW,MIL
Dec 13 2022,PHO,HOU
Dec 13 2022,NOP,UTA
Dec 13 2022,BOS,LAL
Dec 14 2022,DET,CHO
Dec 14 2022,GSW,IND
Dec 14 2022,ATL,ORL
Dec 14 2022,NYK,CHI
Dec 14 2022,SAC,TOR
Dec 14 2022,MIA,OKC
Dec 14 2022,POR,SAS
Dec 14 2022,CLE,DAL
Dec 14 2022,WAS,DEN
Dec 14 2022,MIN,LAC
Dec 15 2022,MIA,HOU
Dec 15 2022,MIL,MEM
Dec 15 2022,NOP,UTA
Dec 15 2022,PHO,LAC
Dec 16 2022,ATL,CHO
Dec 16 2022,SAC,DET
Dec 16 2022,ORL,BOS
Dec 16 2022,IND,CLE
Dec 16 2022,GSW,PHI
Dec 16 2022,BRK,TOR
Dec 16 2022,NYK,CHI
Dec 16 2022,MIN,OKC
Dec 16 2022,POR,DAL
Dec 16 2022,DEN,LAL
Dec 17 2022,WAS,LAC
Dec 17 2022,MIA,SAS
Dec 17 2022,DAL,CLE
Dec 17 2022,POR,HOU
Dec 17 2022,UTA,MIL
Dec 17 2022,MEM,OKC
Dec 17 2022,NOP,PHO
Dec 18 2022,ORL,BOS
Dec 18 2022,NYK,IND
Dec 18 2022,BRK,DET
Dec 18 2022,GSW,TOR
Dec 18 2022,CHI,MIN
Dec 18 2022,CHO,DEN
Dec 18 2022,WAS,LAL
Dec 19 2022,UTA,CLE
Dec 19 2022,TOR,PHI
Dec 19 2022,ORL,ATL
Dec 19 2022,SAS,HOU
Dec 19 2022,DAL,MIN
Dec 19 2022,MIL,NOP
Dec 19 2022,POR,OKC
Dec 19 2022,LAL,PHO
Dec 19 2022,CHO,SAC
Dec 20 2022,UTA,DET
Dec 20 2022,CHI,MIA
Dec 20 2022,GSW,NYK
Dec 20 2022,WAS,PHO
Dec 20 2022,MEM,DEN
Dec 21 2022,MIL,CLE
Dec 21 2022,DET,PHI
Dec 21 2022,CHI,ATL
Dec 21 2022,IND,BOS
Dec 21 2022,GSW,BRK
Dec 21 2022,TOR,NYK
Dec 21 2022,ORL,HOU
Dec 21 2022,DAL,MIN
Dec 21 2022,POR,OKC
Dec 21 2022,LAL,SAC
Dec 21 2022,CHO,LAC
Dec 22 2022,SAS,NOP
Dec 22 2022,WAS,UTA
Dec 23 2022,SAS,ORL
Dec 23 2022,LAC,PHI
Dec 23 2022,DET,ATL
Dec 23 2022,MIN,BOS
Dec 23 2022,MIL,BRK
Dec 23 2022,TOR,CLE
Dec 23 2022,CHI,NYK
Dec 23 2022,DAL,HOU
Dec 23 2022,IND,MIA
Dec 23 2022,NOP,OKC
Dec 23 2022,POR,DEN
Dec 23 2022,MEM,PHO
Dec 23 2022,WAS,SAC
Dec 23 2022,CHO,LAL
Dec 25 2022,PHI,NYK
Dec 25 2022,LAL,DAL
Dec 25 2022,MIL,BOS
Dec 25 2022,MEM,GSW
Dec 25 2022,PHO,DEN
Dec 26 2022,BRK,CLE
Dec 26 2022,LAC,DET
Dec 26 2022,MIN,MIA
Dec 26 2022,HOU,CHI
Dec 26 2022,IND,NOP
Dec 26 2022,UTA,SAS
Dec 26 2022,CHO,POR
Dec 27 2022,LAL,ORL
Dec 27 2022,PHI,WAS
Dec 27 2022,HOU,BOS
Dec 27 2022,ATL,IND
Dec 27 2022,LAC,TOR
Dec 27 2022,PHO,MEM
Dec 27 2022,SAS,OKC
Dec 27 2022,NYK,DAL
Dec 27 2022,CHO,GSW
Dec 27 2022,DEN,SAC
Dec 28 2022,ORL,DET
Dec 28 2022,PHO,WAS
Dec 28 2022,BRK,ATL
Dec 28 2022,LAL,MIA
Dec 28 2022,MIL,CHI
Dec 28 2022,MIN,NOP
Dec 28 2022,UTA,GSW
Dec 28 2022,DEN,SAC
Dec 29 2022,OKC,CHO
Dec 29 2022,CLE,IND
Dec 29 2022,LAC,BOS
Dec 29 2022,MEM,TOR
Dec 29 2022,NYK,SAS
Dec 29 2022,HOU,DAL
Dec 30 2022,WAS,ORL
Dec 30 2022,LAL,ATL
Dec 30 2022,PHO,TOR
Dec 30 2022,DET,CHI
Dec 30 2022,MIN,MIL
Dec 30 2022,PHI,NOP
Dec 30 2022,MIA,DEN
Dec 30 2022,POR,GSW
Dec 30 2022,UTA,SAC
Dec 31 2022,LAC,IND
Dec 31 2022,CLE,CHI
Dec 31 2022,BRK,CHO
Dec 31 2022,NYK,HOU
Dec 31 2022,DAL,SAS
Dec 31 2022,NOP,MEM
Dec 31 2022,DET,MIN
Dec 31 2022,PHI,OKC
Dec 31 2022,MIA,UTA
Jan 1 2023,BOS,DEN
Jan 1 2023,SAC,MEM
Jan 1 2023,WAS,MIL
Jan 2 2023,PHO,NYK
Jan 2 2023,LAL,CHO
Jan 2 2023,CHI,CLE
Jan 2 2023,TOR,IND
Jan 2 2023,NOP,PHI
Jan 2 2023,SAS,BRK
Jan 2 2023,DAL,HOU
Jan 2 2023,DEN,MIN
Jan 2 2023,ATL,GSW
Jan 2 2023,DET,POR
Jan 2 2023,MIA,LAC
Jan 3 2023,WAS,MIL
Jan 3 2023,BOS,OKC
Jan 3 2023,SAC,UTA
Jan 4 2023,MEM,CHO
Jan 4 2023,PHO,CLE
Jan 4 2023,OKC,ORL
Jan 4 2023,IND,PHI
Jan 4 2023,SAS,NYK
Jan 4 2023,MIL,TOR
Jan 4 2023,BRK,CHI
Jan 4 2023,POR,MIN
Jan 4 2023,HOU,NOP
Jan 4 2023,DET,GSW
Jan 4 2023,MIA,LAL
Jan 4 2023,ATL,SAC
Jan 5 2023,MEM,ORL
Jan 5 2023,BOS,DAL
Jan 5 2023,UTA,HOU
Jan 5 2023,LAC,DEN
Jan 6 2023,POR,IND
Jan 6 2023,CHI,PHI
Jan 6 2023,BRK,NOP
Jan 6 2023,NYK,TOR
Jan 6 2023,CHO,MIL
Jan 6 2023,WAS,OKC
Jan 6 2023,DET,SAS
Jan 6 2023,CLE,DEN
Jan 6 2023,LAC,MIN
Jan 6 2023,MIA,PHO
Jan 6 2023,ATL,LAL
Jan 7 2023,BOS,SAS
Jan 7 2023,UTA,CHI
Jan 7 2023,NOP,DAL
Jan 7 2023,ORL,GSW
Jan 7 2023,LAL,SAC
Jan 8 2023,PHI,DET
Jan 8 2023,POR,TOR
Jan 8 2023,CHO,IND
Jan 8 2023,UTA,MEM
Jan 8 2023,BRK,MIA
Jan 8 2023,MIN,HOU
Jan 8 2023,DAL,OKC
Jan 8 2023,CLE,PHO
Jan 8 2023,ATL,LAC
Jan 9 2023,NOP,WAS
Jan 9 2023,CHI,BOS
Jan 9 2023,MIL,NYK
Jan 9 2023,SAS,MEM
Jan 9 2023,LAL,DEN
Jan 9 2023,ORL,SAC
Jan 10 2023,DET,PHI
Jan 10 2023,OKC,MIA
Jan 10 2023,CHO,TOR
Jan 10 2023,CLE,UTA
Jan 10 2023,PHO,GSW
Jan 10 2023,ORL,POR
Jan 10 2023,DAL,LAC
Jan 11 2023,MIN,DET
Jan 11 2023,CHI,WAS
Jan 11 2023,MIL,ATL
Jan 11 2023,NOP,BOS
Jan 11 2023,IND,NYK
Jan 11 2023,SAS,MEM
Jan 11 2023,PHO,DEN
Jan 11 2023,HOU,SAC
Jan 12 2023,OKC,PHI
Jan 12 2023,BOS,BRK
Jan 12 2023,MIL,MIA
Jan 12 2023,CHO,TOR
Jan 12 2023,DAL,LAL
Jan 12 2023,CLE,POR
Jan 13 2023,NOP,DET
Jan 13 2023,ATL,IND
Jan 13 2023,NYK,WAS
Jan 13 2023,GSW,SAS
Jan 13 2023,OKC,CHI
Jan 13 2023,PHO,MIN
Jan 13 2023,ORL,UTA
Jan 13 2023,DEN,LAC
Jan 13 2023,HOU,SAC
Jan 14 2023,MIL,MIA
Jan 14 2023,BOS,CHO
Jan 14 2023,MEM,IND
Jan 14 2023,ATL,TOR
Jan 14 2023,CLE,MIN
Jan 14 2023,PHI,UTA
Jan 14 2023,DAL,POR
Jan 15 2023,NYK,DET
Jan 15 2023,HOU,LAC
Jan 15 2023,GSW,CHI
Jan 15 2023,OKC,BRK
Jan 15 2023,SAC,SAS
Jan 15 2023,ORL,DEN
Jan 15 2023,DAL,POR
Jan 15 2023,PHI,LAL
Jan 16 2023,BOS,CHO
Jan 16 2023,IND,MIL
Jan 16 2023,NOP,CLE
Jan 16 2023,TOR,NYK
Jan 16 2023,GSW,WAS
Jan 16 2023,MIA,ATL
Jan 16 2023,UTA,MIN
Jan 16 2023,PHO,MEM
Jan 16 2023,HOU,LAL
Jan 17 2023,TOR,MIL
Jan 17 2023,BRK,SAS
Jan 17 2023,POR,DEN
Jan 17 2023,PHI,LAC
Jan 18 2023,ATL,DAL
Jan 18 2023,WAS,NYK
Jan 18 2023,CHO,HOU
Jan 18 2023,CLE,MEM
Jan 18 2023,MIA,NOP
Jan 18 2023,IND,OKC
Jan 18 2023,LAC,UTA
Jan 18 2023,MIN,DEN
Jan 18 2023,SAC,LAL
Jan 19 2023,CHI,DET
Jan 19 2023,GSW,BOS
Jan 19 2023,TOR,MIN
Jan 19 2023,BRK,PHO
Jan 19 2023,PHI,POR
Jan 20 2023,NOP,ORL
Jan 20 2023,NYK,ATL
Jan 20 2023,GSW,CLE
Jan 20 2023,MIA,DAL
Jan 20 2023,LAC,SAS
Jan 20 2023,IND,DEN
Jan 20 2023,BRK,UTA
Jan 20 2023,MEM,LAL
Jan 20 2023,OKC,SAC
Jan 21 2023,BOS,TOR
Jan 21 2023,ORL,WAS
Jan 21 2023,CHO,ATL
Jan 21 2023,MIL,CLE
Jan 21 2023,HOU,MIN
Jan 21 2023,IND,PHO
Jan 21 2023,PHI,SAC
Jan 22 2023,LAC,DAL
Jan 22 2023,NOP,MIA
Jan 22 2023,NYK,TOR
Jan 22 2023,OKC,DEN
Jan 22 2023,MEM,PHO
Jan 22 2023,BRK,GSW
Jan 22 2023,LAL,POR
Jan 23 2023,MIL,DET
Jan 23 2023,BOS,ORL
Jan 23 2023,ATL,CHI
Jan 23 2023,MIN,HOU
Jan 23 2023,CHO,UTA
Jan 23 2023,SAS,POR
Jan 23 2023,MEM,SAC
Jan 24 2023,CHI,IND
Jan 24 2023,BOS,MIA
Jan 24 2023,CLE,NYK
Jan 24 2023,DEN,NOP
Jan 24 2023,WAS,DAL
Jan 24 2023,CHO,PHO
Jan 24 2023,LAC,LAL
Jan 25 2023,IND,ORL
Jan 25 2023,BRK,PHI
Jan 25 2023,WAS,HOU
Jan 25 2023,DEN,MIL
Jan 25 2023,MIN,NOP
Jan 25 2023,ATL,OKC
Jan 25 2023,MEM,GSW
Jan 25 2023,UTA,POR
Jan 25 2023,TOR,SAC
Jan 25 2023,SAS,LAL
Jan 26 2023,NYK,BOS
Jan 26 2023,DET,BRK
Jan 26 2023,CHI,CHO
Jan 26 2023,CLE,HOU
Jan 26 2023,DAL,PHO
Jan 26 2023,SAS,LAC
Jan 27 2023,MIL,IND
Jan 27 2023,MEM,MIN
Jan 27 2023,ORL,MIA
Jan 27 2023,CLE,OKC
Jan 27 2023,TOR,GSW
Jan 28 2023,DEN,PHI
Jan 28 2023,NYK,BRK
Jan 28 2023,HOU,DET
Jan 28 2023,CHI,ORL
Jan 28 2023,LAC,ATL
Jan 28 2023,SAC,MIN
Jan 28 2023,WAS,NOP
Jan 28 2023,PHO,SAS
Jan 28 2023,LAL,BOS
Jan 28 2023,DAL,UTA
Jan 28 2023,TOR,POR
Jan 29 2023,MIA,CHO
Jan 29 2023,IND,MEM
Jan 29 2023,LAC,CLE
Jan 29 2023,NOP,MIL
Jan 30 2023,ORL,PHI
Jan 30 2023,LAL,BRK
Jan 30 2023,SAC,MIN
Jan 30 2023,GSW,OKC
Jan 30 2023,WAS,SAS
Jan 30 2023,DET,DAL
Jan 30 2023,TOR,PHO
Jan 30 2023,ATL,POR
Jan 31 2023,MIA,CLE
Jan 31 2023,LAL,NYK
Jan 31 2023,LAC,CHI
Jan 31 2023,CHO,MIL
Jan 31 2023,NOP,DEN
Feb 1 2023,POR,MEM
Feb 1 2023,ORL,PHI
Feb 1 2023,BRK,BOS
Feb 1 2023,OKC,HOU
Feb 1 2023,GSW,MIN
Feb 1 2023,SAC,SAS
Feb 1 2023,TOR,UTA
Feb 1 2023,ATL,PHO
Feb 2 2023,LAL,IND
Feb 2 2023,MEM,CLE
Feb 2 2023,MIA,NYK
Feb 2 2023,CHO,CHI
Feb 2 2023,NOP,DAL
Feb 2 2023,GSW,DEN
Feb 2 2023,LAC,MIL
Feb 3 2023,CHO,DET
Feb 3 2023,SAC,IND
Feb 3 2023,POR,WAS
Feb 3 2023,PHO,BOS
Feb 3 2023,TOR,HOU
Feb 3 2023,ORL,MIN
Feb 3 2023,PHI,SAS
Feb 3 2023,ATL,UTA
Feb 4 2023,WAS,BRK
Feb 4 2023,LAL,NOP
Feb 4 2023,PHO,DET
Feb 4 2023,LAC,NYK
Feb 4 2023,POR,CHI
Feb 4 2023,MIA,MIL
Feb 4 2023,HOU,OKC
Feb 4 2023,DAL,GSW
Feb 4 2023,ATL,DEN
Feb 5 2023,ORL,CHO
Feb 5 2023,CLE,IND
Feb 5 2023,TOR,MEM
Feb 5 2023,PHI,NYK
Feb 5 2023,DEN,MIN
Feb 5 2023,SAC,NOP
Feb 6 2023,BOS,DET
Feb 6 2023,CLE,WAS
Feb 6 2023,LAC,BRK
Feb 6 2023,SAS,CHI
Feb 6 2023,SAC,HOU
Feb 6 2023,DAL,UTA
Feb 6 2023,OKC,GSW
Feb 6 2023,MIL,POR
Feb 7 2023,NYK,ORL
Feb 7 2023,PHO,BRK
Feb 7 2023,ATL,NOP
Feb 7 2023,CHI,MEM
Feb 7 2023,MIN,DEN
Feb 7 2023,OKC,LAL
Feb 8 2023,DET,CLE
Feb 8 2023,CHO,WAS
Feb 8 2023,PHI,BOS
Feb 8 2023,IND,MIA
Feb 8 2023,SAS,TOR
Feb 8 2023,SAC,HOU
Feb 8 2023,MIN,UTA
Feb 8 2023,DAL,LAC
Feb 8 2023,GSW,POR
Feb 9 2023,DEN,ORL
Feb 9 2023,PHO,ATL
Feb 9 2023,CHI,BRK
Feb 9 2023,MIL,LAL
Feb 10 2023,SAS,DET
Feb 10 2023,PHO,IND
Feb 10 2023,NYK,PHI
Feb 10 2023,CHO,BOS
Feb 10 2023,UTA,TOR
Feb 10 2023,MIN,MEM
Feb 10 2023,HOU,MIA
Feb 10 2023,CLE,NOP
Feb 10 2023,OKC,POR
Feb 10 2023,DAL,SAC
Feb 10 2023,MIL,LAC
Feb 11 2023,PHI,BRK
Feb 11 2023,DEN,CHO
Feb 11 2023,MIA,ORL
Feb 11 2023,IND,WAS
Feb 11 2023,SAS,ATL
Feb 11 2023,UTA,NYK
Feb 11 2023,CHI,CLE
Feb 11 2023,LAL,GSW
Feb 11 2023,DAL,SAC
Feb 12 2023,MEM,BOS
Feb 12 2023,DET,TOR
Feb 13 2023,ATL,CHO
Feb 13 2023,SAS,CLE
Feb 13 2023,UTA,IND
Feb 13 2023,HOU,PHI
Feb 13 2023,DEN,MIA
Feb 13 2023,BRK,NYK
Feb 13 2023,ORL,CHI
Feb 13 2023,NOP,OKC
Feb 13 2023,MIN,DAL
Feb 13 2023,WAS,GSW
Feb 13 2023,LAL,POR
Feb 14 2023,BOS,MIL
Feb 14 2023,ORL,TOR
Feb 14 2023,SAC,PHO
Feb 14 2023,GSW,LAC
Feb 14 2023,WAS,POR
Feb 15 2023,SAS,CHO
Feb 15 2023,CHI,IND
Feb 15 2023,NYK,ATL
Feb 15 2023,DET,BOS
Feb 15 2023,MIA,BRK
Feb 15 2023,CLE,PHI
Feb 15 2023,UTA,MEM
Feb 15 2023,HOU,OKC
Feb 15 2023,DAL,DEN
Feb 15 2023,NOP,LAL
Feb 16 2023,MIL,CHI
Feb 16 2023,WAS,MIN
Feb 16 2023,LAC,PHO
Feb 23 2023,DEN,CLE
Feb 23 2023,BOS,IND
Feb 23 2023,DET,ORL
Feb 23 2023,MEM,PHI
Feb 23 2023,NOP,TOR
Feb 23 2023,SAS,DAL
Feb 23 2023,OKC,UTA
Feb 23 2023,GSW,LAL
Feb 23 2023,POR,SAC
Feb 24 2023,NYK,WAS
Feb 24 2023,CLE,ATL
Feb 24 2023,MIA,MIL
Feb 24 2023,BRK,CHI
Feb 24 2023,CHO,MIN
Feb 24 2023,HOU,GSW
Feb 24 2023,OKC,PHO
Feb 24 2023,SAC,LAC
Feb 25 2023,TOR,DET
Feb 25 2023,MIA,CHO
Feb 25 2023,IND,ORL
Feb 25 2023,NOP,NYK
Feb 25 2023,DEN,MEM
Feb 25 2023,BOS,PHI
Feb 25 2023,SAS,UTA
Feb 26 2023,PHO,MIL
Feb 26 2023,BRK,ATL
Feb 26 2023,WAS,CHI
Feb 26 2023,LAL,DAL
Feb 26 2023,TOR,CLE
Feb 26 2023,SAC,OKC
Feb 26 2023,MIN,GSW
Feb 26 2023,HOU,POR
Feb 26 2023,LAC,DEN
Feb 27 2023,DET,CHO
Feb 27 2023,MIA,PHI
Feb 27 2023,BOS,NYK
Feb 27 2023,ORL,NOP
Feb 28 2023,WAS,ATL
Feb 28 2023,MIL,BRK
Feb 28 2023,LAL,MEM
Feb 28 2023,CHI,TOR
Feb 28 2023,DEN,HOU
Feb 28 2023,SAC,OKC
Feb 28 2023,IND,DAL
Feb 28 2023,SAS,UTA
Feb 28 2023,POR,GSW
Feb 28 2023,MIN,LAC
Mar 1 2023,PHO,CHO
Mar 1 2023,CHI,DET
Mar 1 2023,CLE,BOS
Mar 1 2023,PHI,MIA
Mar 1 2023,BRK,NYK
Mar 1 2023,MEM,HOU
Mar 1 2023,ORL,MIL
Mar 1 2023,LAL,OKC
Mar 1 2023,NOP,POR
Mar 2 2023,TOR,WAS
Mar 2 2023,PHI,DAL
Mar 2 2023,IND,SAS
Mar 2 2023,LAC,GSW
Mar 3 2023,ORL,CHO
Mar 3 2023,POR,ATL
Mar 3 2023,BRK,BOS
Mar 3 2023,PHO,CHI
Mar 3 2023,NYK,MIA
Mar 3 2023,UTA,OKC
Mar 3 2023,MEM,DEN
Mar 3 2023,NOP,GSW
Mar 3 2023,LAC,SAC
Mar 3 2023,MIN,LAL
Mar 4 2023,TOR,WAS
Mar 4 2023,DET,CLE
Mar 4 2023,ATL,MIA
Mar 4 2023,HOU,SAS
Mar 4 2023,PHI,MIL
Mar 4 2023,MIN,SAC
Mar 5 2023,PHO,DAL
Mar 5 2023,IND,CHI
Mar 5 2023,GSW,LAL
Mar 5 2023,CHO,BRK
Mar 5 2023,POR,ORL
Mar 5 2023,SAS,HOU
Mar 5 2023,UTA,OKC
Mar 5 2023,NYK,BOS
Mar 5 2023,MIL,WAS
Mar 5 2023,MEM,LAC
Mar 6 2023,BOS,CLE
Mar 6 2023,POR,DET
Mar 6 2023,PHI,IND
Mar 6 2023,ATL,MIA
Mar 6 2023,TOR,DEN
Mar 6 2023,NOP,SAC
Mar 7 2023,WAS,DET
Mar 7 2023,MIL,ORL
Mar 7 2023,PHI,MIN
Mar 7 2023,CHO,NYK
Mar 7 2023,BRK,HOU
Mar 7 2023,GSW,OKC
Mar 7 2023,UTA,DAL
Mar 7 2023,MEM,LAL
Mar 8 2023,ATL,WAS
Mar 8 2023,POR,BOS
Mar 8 2023,CLE,MIA
Mar 8 2023,DAL,NOP
Mar 8 2023,CHI,DEN
Mar 8 2023,OKC,PHO
Mar 8 2023,TOR,LAC
Mar 9 2023,CHO,DET
Mar 9 2023,HOU,IND
Mar 9 2023,UTA,ORL
Mar 9 2023,GSW,MEM
Mar 9 2023,BRK,MIL
Mar 9 2023,NYK,SAC
Mar 10 2023,POR,PHI
Mar 10 2023,ATL,WAS
Mar 10 2023,CLE,MIA
Mar 10 2023,BRK,MIN
Mar 10 2023,DEN,SAS
Mar 10 2023,TOR,LAL
Mar 11 2023,NYK,LAC
Mar 11 2023,UTA,CHO
Mar 11 2023,IND,DET
Mar 11 2023,MIA,ORL
Mar 11 2023,BOS,ATL
Mar 11 2023,CHI,HOU
Mar 11 2023,DAL,MEM
Mar 11 2023,MIL,GSW
Mar 11 2023,OKC,NOP
Mar 11 2023,SAC,PHO
Mar 12 2023,BRK,DEN
Mar 12 2023,CLE,CHO
Mar 12 2023,WAS,PHI
Mar 12 2023,POR,NOP
Mar 12 2023,OKC,SAS
Mar 12 2023,NYK,LAL
Mar 13 2023,IND,DET
Mar 13 2023,MIN,ATL
Mar 13 2023,MEM,DAL
Mar 13 2023,UTA,MIA
Mar 13 2023,BOS,HOU
Mar 13 2023,PHO,GSW
Mar 13 2023,MIL,SAC
Mar 14 2023,CLE,CHO
Mar 14 2023,DET,WAS
Mar 14 2023,DEN,TOR
Mar 14 2023,LAL,NOP
Mar 14 2023,BRK,OKC
Mar 14 2023,ORL,SAS
Mar 14 2023,MIL,PHO
Mar 14 2023,NYK,POR
Mar 15 2023,PHI,CLE
Mar 15 2023,MEM,MIA
Mar 15 2023,SAC,CHI
Mar 15 2023,LAL,HOU
Mar 15 2023,BOS,MIN
Mar 15 2023,DAL,SAS
Mar 15 2023,GSW,LAC
Mar 16 2023,DEN,DET
Mar 16 2023,SAC,BRK
Mar 16 2023,OKC,TOR
Mar 16 2023,IND,MIL
Mar 16 2023,ORL,PHO
Mar 17 2023,PHI,CHO
Mar 17 2023,GSW,ATL
Mar 17 2023,WAS,CLE
Mar 17 2023,MIN,CHI
Mar 17 2023,NOP,HOU
Mar 17 2023,MEM,SAS
Mar 17 2023,BOS,POR
Mar 17 2023,DAL,LAL
Mar 18 2023,DEN,NYK
Mar 18 2023,ORL,LAC
Mar 18 2023,PHI,IND
Mar 18 2023,MIN,TOR
Mar 18 2023,MIA,CHI
Mar 18 2023,GSW,MEM
Mar 18 2023,SAC,WAS
Mar 18 2023,BOS,UTA
Mar 19 2023,DEN,BRK
Mar 19 2023,PHO,OKC
Mar 19 2023,ATL,SAS
Mar 19 2023,MIA,DET
Mar 19 2023,NOP,HOU
Mar 19 2023,TOR,MIL
Mar 19 2023,LAC,POR
Mar 19 2023,ORL,LAL
Mar 20 2023,IND,CHO
Mar 20 2023,CHI,PHI
Mar 20 2023,MIN,NYK
Mar 20 2023,GSW,HOU
Mar 20 2023,DAL,MEM
Mar 20 2023,SAC,UTA
Mar 21 2023,WAS,ORL
Mar 21 2023,DET,ATL
Mar 21 2023,CLE,BRK
Mar 21 2023,SAS,NOP
Mar 21 2023,BOS,SAC
Mar 21 2023,OKC,LAC
Mar 22 2023,DEN,WAS
Mar 22 2023,GSW,DAL
Mar 22 2023,NYK,MIA
Mar 22 2023,IND,TOR
Mar 22 2023,PHI,CHI
Mar 22 2023,HOU,MEM
Mar 22 2023,SAS,MIL
Mar 22 2023,ATL,MIN
Mar 22 2023,POR,UTA
Mar 22 2023,PHO,LAL
Mar 23 2023,NYK,ORL
Mar 23 2023,CLE,BRK
Mar 23 2023,CHO,NOP
Mar 23 2023,OKC,LAC
Mar 24 2023,IND,BOS
Mar 24 2023,SAS,WAS
Mar 24 2023,DET,TOR
Mar 24 2023,HOU,MEM
Mar 24 2023,CHO,DAL
Mar 24 2023,MIL,UTA
Mar 24 2023,PHI,GSW
Mar 24 2023,CHI,POR
Mar 24 2023,PHO,SAC
Mar 24 2023,OKC,LAL
Mar 25 2023,IND,ATL
Mar 25 2023,BRK,MIA
Mar 25 2023,MIL,DEN
Mar 25 2023,PHI,PHO
Mar 25 2023,UTA,SAC
Mar 25 2023,NOP,LAC
Mar 26 2023,DAL,CHO
Mar 26 2023,CHI,LAL
Mar 26 2023,MEM,ATL
Mar 26 2023,SAS,BOS
Mar 26 2023,HOU,CLE
Mar 26 2023,BRK,ORL
Mar 26 2023,WAS,TOR
Mar 26 2023,OKC,POR
Mar 26 2023,MIN,GSW
Mar 27 2023,MIL,DET
Mar 27 2023,DAL,IND
Mar 27 2023,HOU,NYK
Mar 27 2023,PHO,UTA
Mar 27 2023,PHI,DEN
Mar 27 2023,NOP,POR
Mar 27 2023,MIN,SAC
Mar 27 2023,CHI,LAC
Mar 28 2023,BOS,WAS
Mar 28 2023,CLE,ATL
Mar 28 2023,MIA,TOR
Mar 28 2023,ORL,MEM
Mar 28 2023,CHO,OKC
Mar 28 2023,NOP,GSW
Mar 29 2023,MIL,IND
Mar 29 2023,HOU,BRK
Mar 29 2023,MIA,NYK
Mar 29 2023,DAL,PHI
Mar 29 2023,LAL,CHI
Mar 29 2023,LAC,MEM
Mar 29 2023,DET,OKC
Mar 29 2023,UTA,SAS
Mar 29 2023,MIN,PHO
Mar 29 2023,SAC,POR
Mar 30 2023,BOS,MIL
Mar 30 2023,NOP,DEN
Mar 31 2023,CHI,CHO
Mar 31 2023,OKC,IND
Mar 31 2023,TOR,PHI
Mar 31 2023,ORL,WAS
Mar 31 2023,UTA,BOS
Mar 31 2023,ATL,BRK
Mar 31 2023,NYK,CLE
Mar 31 2023,DET,HOU
Mar 31 2023,LAC,MEM
Mar 31 2023,LAL,MIN
Mar 31 2023,SAS,GSW
Mar 31 2023,SAC,POR
Mar 31 2023,DEN,PHO
Apr 1 2023,DAL,MIA
Apr 1 2023,LAC,NOP
Apr 2 2023,TOR,CHO
Apr 2 2023,UTA,BRK
Apr 2 2023,MEM,CHI
Apr 2 2023,POR,MIN
Apr 2 2023,DAL,ATL
Apr 2 2023,SAS,SAC
Apr 2 2023,DET,ORL
Apr 2 2023,WAS,NYK
Apr 2 2023,LAL,HOU
Apr 2 2023,PHO,OKC
Apr 2 2023,PHI,MIL
Apr 2 2023,IND,CLE
Apr 2 2023,GSW,DEN
Apr 4 2023,TOR,CHO
Apr 4 2023,MIL,WAS
Apr 4 2023,CLE,ORL
Apr 4 2023,MIA,DET
Apr 4 2023,MIN,BRK
Apr 4 2023,DEN,HOU
Apr 4 2023,POR,MEM
Apr 4 2023,SAC,NOP
Apr 4 2023,BOS,PHI
Apr 4 2023,ATL,CHI
Apr 4 2023,LAL,UTA
Apr 4 2023,OKC,GSW
Apr 4 2023,SAS,PHO
Apr 5 2023,BRK,DET
Apr 5 2023,NYK,IND
Apr 5 2023,WAS,ATL
Apr 5 2023,TOR,BOS
Apr 5 2023,CHI,MIL
Apr 5 2023,MEM,NOP
Apr 5 2023,SAC,DAL
Apr 5 2023,LAL,LAC
Apr 6 2023,CLE,ORL
Apr 6 2023,MIA,PHI
Apr 6 2023,POR,SAS
Apr 6 2023,OKC,UTA
Apr 6 2023,DEN,PHO
Apr 7 2023,HOU,CHO
Apr 7 2023,MIA,WAS
Apr 7 2023,DET,IND
Apr 7 2023,ORL,BRK
Apr 7 2023,TOR,BOS
Apr 7 2023,PHI,ATL
Apr 7 2023,MEM,MIL
Apr 7 2023,NYK,NOP
Apr 7 2023,CHI,DAL
Apr 7 2023,GSW,SAC
Apr 7 2023,PHO,LAL
Apr 8 2023,DEN,UTA
Apr 8 2023,POR,LAC
Apr 8 2023,MIN,SAS
Apr 9 2023,ATL,BOS
Apr 9 2023,PHI,BRK
Apr 9 2023,DET,CHI
Apr 9 2023,CHO,CLE
Apr 9 2023,ORL,MIA
Apr 9 2023,IND,NYK
Apr 9 2023,MIL,TOR
Apr 9 2023,HOU,WAS
Apr 9 2023,SAS,DAL
Apr 9 2023,SAC,DEN
Apr 9 2023,UTA,LAL
Apr 9 2023,NOP,MIN
Apr 9 2023,MEM,OKC
Apr 9 2023,LAC,PHO
Apr 9 2023,GSW,POR